group,azi,dip
B,152,9
D,105,15
A,138,45
A,141,52
C,198,68
D,196,30
C,207,46
C,251,69
A,142,62
B,40,43
B,98,16
D,130,28
A,90,47
A,152,48
A,175,27
D,170,30
C,264,18
A,214,45
C,199,32
D,216,17
D,191,33
B,258,21
A,109,71
A,133,50
D,238,8
A,150,50
B,196,50
D,84,6
D,183,27
C,251,47
C,267,44
C,230,38
A,152,54
D,227,14
A,151,59
B,67,7
A,122,50
B,211,24
B,124,26
D,184,21
B,276,28
A,138,52
C,253,33
D,195,26
D,198,20
C,234,47
B,349,11
C,231,49
A,157,61
A,139,48
A,132,36
C,237,60
C,238,39
A,151,53
A,137,49
B,328,18
A,149,79
A,145,44
C,201,50
D,110,18
D,180,33
C,250,18
A,145,47
D,166,35
D,144,27
B,16,26
C,305,36
A,134,62
D,179,44
C,277,68
C,211,66
C,221,42
C,247,48
A,134,52
D,202,23
B,27,75
D,149,31
C,235,23
C,357,70
B,160,29
D,176,29
B,250,50
B,353,46
B,227,28
A,137,56
C,194,57
B,314,32
B,173,76
B,183,14
B,162,51
A,144,45
B,79,30
C,225,48
B,305,23
D,108,32
D,95,13
B,297,62
B,51,27
A,118,49
C,239,72
D,183,31
D,176,27
B,106,58
C,234,42
B,22,6
A,131,26
C,243,43
A,126,52
D,77,14
A,132,45
A,156,43
