site,structure,azi,inc
ST01,S0,338,82
ST01,S0,335,77
ST01,S0,337,83
ST01,S0,338,76
ST01,S0,345,88
ST01,S1,330,60
ST01,S1,331,58
ST01,L1,248,12
ST01,L1,252,18
ST02,S0,161,73
ST02,S0,168,62
ST02,S0,163,78
ST02,S0,166,79
ST02,S1,330,60
ST02,S1,336,60
ST02,S1,334,60
ST02,L1,249,15
ST02,L1,250,12
ST03,S0,159,87
ST03,S0,165,70
ST03,S0,173,56
ST03,S1,331,59
ST03,S1,333,58
ST03,L1,249,15
ST04,S0,164,72
ST04,S0,172,52
ST04,S0,171,60
ST04,S1,329,65
ST04,S1,334,62
ST04,L1,243,9
ST04,L1,249,10
ST05,S0,185,38
ST05,S0,167,58
ST05,S0,173,56
ST05,S1,334,49
ST05,S1,331,61
ST05,S1,328,63
ST05,L1,249,15
ST06,S0,176,42
ST06,S0,175,46
ST06,S0,162,76
ST06,S0,179,36
ST06,S0,179,39
ST06,S1,328,56
ST06,S1,331,59
ST06,L1,250,15
ST07,S0,183,35
ST07,S0,181,32
ST07,S0,191,34
ST07,S1,325,65
ST07,S1,339,49
ST07,L1,254,18
ST07,L1,251,15
ST08,S0,221,17
ST08,S0,220,20
ST08,S0,186,28
ST08,S0,214,18
ST08,S0,207,20
ST08,S1,327,58
ST08,S1,331,59
ST08,L1,251,16
ST09,S0,212,22
ST09,S0,269,17
ST09,S0,314,37
ST09,S0,288,19
ST09,S0,205,21
ST09,S1,332,58
ST09,S1,330,59
ST09,S1,331,58
ST09,L1,251,15
ST09,L1,251,13
ST10,S0,254,13
ST10,S0,276,18
ST10,S0,301,23
ST10,S1,342,63
ST10,S1,325,64
ST10,S1,320,56
ST10,L1,250,17
ST10,L1,247,12
ST11,S0,305,24
ST11,S0,309,29
ST11,S0,323,43
ST11,S1,332,62
ST11,S1,339,66
ST11,S1,330,61
ST11,L1,257,17
ST12,S0,323,41
ST12,S0,330,57
ST12,S0,330,59
ST12,S1,326,53
ST12,S1,325,60
ST12,L1,256,9
